{
  "criteria": {
    "requirement": {
      "trigger": "minecraft:tick",
      "conditions": {
        "player": [
          {
            "condition": "minecraft:entity_scores",
            "entity": "this",
            "scores": {
              "fractured_hearts.score": {
                "min": 1
              }
            }
          },
          {
            "condition": "minecraft:entity_scores",
            "entity": "this",
            "scores": {
              "fractured_hearts.death": 5
            }
          }
        ]
      }
    }
  },
  "rewards": {
    "function": "fractured_hearts:health_loss/check_death"
  }
}