{
  "type": "minecraft:crafting_shaped",
  "pattern": [
    "KMK",
    "RRR",
    "GBG"
  ],
  "key": {
    "M": "minecraft:phantom_membrane",
    "K": "minecraft:glow_ink_sac",
    "R": "minecraft:beetroot",
    "G": "minecraft:gold_block",
    "B": "minecraft:bowl"
  },
  "result": {
    "id": "minecraft:beetroot_soup",
    "count": 1,
    "components": {
      "minecraft:custom_data": "{unique_id:\"expand_health_2\"}",
      "minecraft:item_name": {
        "text": "Hearty Soup",
        "italic": false,
        "color": "red"
      },
      "minecraft:enchantment_glint_override": true,
      "minecraft:lore": [
        {
          "text": "Permanently increases your health capacity.",
          "color": "gray",
          "italic": true
        }
      ]
    }
  }
}
