{
  "parent": "minecraft:recipes/root",
  "criteria": {
    "has_any_log": {
      "trigger": "minecraft:inventory_changed",
      "conditions": {
        "items": [
          {
            "tag": "minecraft:logs"
          }
        ]
      }
    },
    "has_bamboo_block": {
      "trigger": "minecraft:inventory_changed",
      "conditions": {
        "items": [
          {
            "items": "minecraft:bamboo_block"
          }
        ]
      }
    }
  },
  "requirements": [
    [
      "has_any_log",
      "has_bamboo_block"
    ]
  ],
  "rewards": {
    "recipes": [
      "minecraft:acacia_boat",
      "minecraft:oak_boat",
      "minecraft:birch_boat",
      "minecraft:spruce_boat",
      "minecraft:jungle_boat",
      "minecraft:dark_oak_boat",
      "minecraft:mangrove_boat",
      "minecraft:cherry_boat",
      "minecraft:pale_oak_boat",
      "minecraft:bamboo_raft"
    ]
  }
}
