{
  "elements": [
    {
      "element": {
        "element_type": "minecraft:single_pool_element",
        "location": "pk_waystructures:waystructure",
        "processors": "minecraft:empty",
        "projection": "rigid"
      },
      "weight": 1
    },
    {
      "element": {
        "element_type": "minecraft:legacy_single_pool_element",
        "location": "minecraft:village/desert/terminators/terminator_01",
        "processors": {
          "processors": []
        },
        "projection": "terrain_matching"
      },
      "weight": 9
    },
    {
      "element": {
        "element_type": "minecraft:legacy_single_pool_element",
        "location": "minecraft:village/desert/terminators/terminator_02",
        "processors": {
          "processors": []
        },
        "projection": "terrain_matching"
      },
      "weight": 8
    }
  ],
  "fallback": "minecraft:empty"
}