{
  "type": "minecraft:jigsaw",
  "biomes": ["minecraft:warped_forest", "minecraft:soul_sand_valley"],
  "step": "vegetal_decoration",
  "terrain_adaptation": "beard_thin",
  "spawn_overrides": {},
  "start_pool": "pk_waystructures:waystructure",
  "size": 1,
  "start_height": {
    "type": "minecraft:trapezoid",
    "min_inclusive": {
      "absolute": 40
    },
    "max_inclusive": {
      "absolute": 90
    },
    "plateau": 25
  },
  "max_distance_from_center": 20,
  "use_expansion_hack": false
}